<ui>
  <toolbar name="Toolbar">
    <placeholder name="GeneralActions">
      <toolitem action="Save"/>
      <toolitem action="Undo"/>
      <toolitem action="Redo"/>
    </placeholder>
  </toolbar>

  <menubar name="Menubar">
    <menu action="FileMenu">
      <placeholder name="RevertPlaceholder">
        <menuitem action="SaveAll"/>
        <menuitem action="Revert"/>
      </placeholder>
      <placeholder name="FileActionsPlaceholder">
        <menuitem action="MakePatch"/>
      </placeholder>
    </menu>
    <menu action="EditMenu">
      <placeholder name="EditActionsPlaceholder">
        <menuitem action="SplitAdd"/>
        <menuitem action="SplitClear"/>
      </placeholder>
    </menu>
    <menu action="ChangesMenu">
      <placeholder name="ChangesActions">
        <menuitem action="PrevConflict"/>
        <menuitem action="NextConflict"/>
        <separator/>
        <menuitem action="PushLeft"/>
        <menuitem action="PushRight"/>
        <menuitem action="PullLeft"/>
        <menuitem action="PullRight"/>
        <menuitem action="Delete"/>
        <separator/>
        <menuitem action="CopyLeftUp"/>
        <menuitem action="CopyLeftDown"/>
        <menuitem action="CopyRightUp"/>
        <menuitem action="CopyRightDown"/>
        <separator/>
        <menuitem action="MergeFromLeft"/>
        <menuitem action="MergeFromRight"/>
        <menuitem action="MergeAll"/>
        <separator/>
        <menuitem action="OpenExternal"/>
      </placeholder>
    </menu>
    <menu action="ViewMenu">
      <placeholder name="ViewUtilityPlaceholder">
        <menuitem action="LockScrolling"/>
      </placeholder>
      <placeholder name="ViewDocSpecificPlaceholder">
        <menuitem action="CycleDocuments" />
      </placeholder>
    </menu>
  </menubar>

  <popup name="Popup">
    <menuitem action="Undo"/>
    <menuitem action="Redo"/>
    <separator/>
    <menuitem action="Cut" />
    <menuitem action="Copy" />
    <menuitem action="Paste" />
    <separator/>
    <menuitem action="SplitAdd"/>
    <menuitem action="SplitClear"/>
    <separator/>
    <menuitem action="OpenExternal" />
    <menuitem action="Save" />
    <menuitem action="SaveAs" />
  </popup>

</ui>

