<?xml version="1.0" encoding="UTF-8"?>
<glade-catalog name="meld.ui.gladesupport" library="gladepython" domain="glade-3" depends="gtk+">
    <init-function>glade_python_init</init-function>

    <glade-widget-classes>
        <glade-widget-class title="DiffMap" name="DiffMap" generic-name="diffmap"/>
        <glade-widget-class title="LinkMap" name="LinkMap" generic-name="linkmap"/>
        <glade-widget-class title="HistoryEntry" name="HistoryEntry" generic-name="historyentry"/>
        <glade-widget-class title="HistoryFileEntry" name="HistoryFileEntry" generic-name="historyfileentry"/>
        <glade-widget-class title="MeldSourceView" name="MeldSourceView" generic-name="meldsourceview"/>
        <glade-widget-class title="MsgArea" name="MsgArea" generic-name="msgarea"/>
        <glade-widget-class title="MsgAreaController" name="MsgAreaController" generic-name="msgareacontroller"/>
    </glade-widget-classes>

    <glade-widget-group name="meld" title="Meld">
        <glade-widget-class-ref name="DiffMap"/>
        <glade-widget-class-ref name="LinkMap"/>
        <glade-widget-class-ref name="HistoryEntry"/>
        <glade-widget-class-ref name="HistoryFileEntry"/>
        <glade-widget-class-ref name="MeldSourceView"/>
        <glade-widget-class-ref name="MsgArea"/>
        <glade-widget-class-ref name="MsgAreaController"/>
    </glade-widget-group>
</glade-catalog>
